event,Pesky
Dict,Foot
eventDict,PeskyFoot
_eventDict,_PeskyFoot
Re,Ox
Click,Cheep
ReClick,OxCheep
Is,It
Finish,Reckon
Daoshui,Connect
IsFinishDaoshui,ItReckonConnect
Sceen,Magic
Effect,Invest
SceenEffect,MagicInvest
Ribbon,Quiver
RibbonEffect,QuiverInvest
Water,Title
WaterEffect,TitleInvest
Pingzi,Vanish
Cell,Lack
Btn,Shy
PingziCellBtn,VanishLackShy
Shui,Whig
Color,Blame
ShuiColor,WhigBlame
ShuiColor1,WhigBlame1
Shuifanguang,Symbolically
ShuifanguangColor,SymbolicallyBlame
Obstacle,Tentacle
ObstacleColor,TentacleBlame
Ques,Worm
Maek,Seep
ObstacleQuesMaek,TentacleWormSeep
ObstacleEffect,TentacleInvest
Plug,Gild
Line,When
WaterLine,TitleWhen
Shuitop,Physics
Fanguang,Exterior
ShuitopFanguang,PhysicsExterior
Material,Schedule
ShuitopMaterial,PhysicsSchedule
FanguangMaterial,ExteriorSchedule
Max,Gin
Volume,Healer
MaxVolume,GinHealer
Cur,DNA
CurVolume,DNAHealer
CurColor,DNABlame
Number,Pierce
ColorNumber,BlamePierce
Init,Tact
Position,Esoteric
InitPosition,TactEsoteric
Put,Dye
IsPut,ItDye
Dic,Wax
ColorDic,BlameWax
Image,Disco
Setting,Stepper
ImageSetting,DiscoStepper
color,Towel
Data,Show
colorData,TowelShow
Array,Buyer
ColorArray,BlameBuyer
Stack,Bloom
ColorStack,BlameBloom
IsFinish,ItReckon
Action,Detail
FinishAction,ReckonDetail
Disable,Textile
Prop,Bard
IsDisableProp,ItTextileBard
Vase,Army
Serial,Notion
VaseSerial,ArmyNotion
Guide,Click
GuideData,ClickShow
GuideAction,ClickDetail
Remind,Foment
ActionRemindVase,DetailFomentArmy
Step,Goat
ActionStep,DetailGoat
Obstacle1,Tentacle1
Obstacle2,Tentacle2
Obstacle3,Tentacle3
ObstacleNumber,TentaclePierce
Reward,Clothe
Pos,Mat
RewardPos,ClotheMat
Obj,Cut
RewardObj,ClotheCut
Object,Branch
RewardObject,ClotheBranch
reward,Exhale
rewardNumber,ExhalePierce
IsReward,ItClothe
Use,Ski
IsUseRemind,ItSkiFoment
Desc,Bias
Need,Fuse
Delete,Emblem
NeedDelete,FuseEmblem
is,Dy
Test,Grit
isTest,DyGrit
Keys,Sour
Gradient,Eastward
Type,When
GradientType,EastwardType
Offset,Strict
Start,Refer
StartColor,ReferBlame
End,Ala
EndColor,AlaBlame
CHANNEL,CHANNEL
ID,ID
CHANNEL_ID,CHANNEL_ID
url,Tie
Scheme,Lately
urlScheme,TieLately
group,Brand
topcolor,Reindeer
Fly,And
Item,Raft
FlyItem,AndRaft
Open,Task
isOpenFly,DyTaskAnd
left,Lira
Or,Dy
Right,Trail
leftOrRight,LiraOrTrail
start,Zebra
Time,Wake
startOpenTime,ZebraTaskWake
_startOpenTime,_ZebraTaskWake
fly,Add
Add,Fir
flyAddTime,AddFirWake
_flyAddTime,_AddFirWake
obj,Bat
Language,Distance
List,Puff
LanguageList,DistancePuff
Skin,User
SkinDic,UserWax
SkinList,UserPuff
AddStack,FirBloom
Subtract,Softball
SubtractStack,SoftballBloom
StackShuiNumber,BloomWhigPierce
StackColorNumber,BloomBlamePierce
Exit,Feat
IsExit,ItFeat
Prestore,Compress
IsPrestore,ItCompress
PrestoreObj,CompressCut
Index,Gourd
PrestoreVaseIndex,CompressArmyGourd
PrestoreWaterColor,CompressTitleBlame
PrestoreColorData,CompressBlameShow
Ready,Solar
PrestoreReadyNumber,CompressSolarPierce
PrestoreCurVolume,CompressDNAHealer
PrestoreInitPosition,CompressTactEsoteric
PrestoreFinish,CompressReckon
Un,Of
PrestoreUnFinish,CompressOfReckon
PrestoreImageArray,CompressDiscoBuyer
PrestoreFanguangArray,CompressExteriorBuyer
Mark,Inca
PrestoreQuesMark,CompressWormInca
Top,Web
PrestoreTop,CompressWeb
Roll,Edge
Back,Silt
PrestoreActionRollBackAdd,CompressDetailEdgeSiltFir
PrestoreDaoshuiTopColor,CompressConnectWebBlame
Clear,Vague
PrestoreClearColorVolume,CompressVagueBlameHealer
First,Gesso
IsFirst,ItGesso
FirstObj,GessoCut
FirstVaseIndex,GessoArmyGourd
FirstWaterColor,GessoTitleBlame
FirstColorData,GessoBlameShow
FirstReadyNumber,GessoSolarPierce
FirstCurVolume,GessoDNAHealer
FirstInitPosition,GessoTactEsoteric
FirstFinish,GessoReckon
FirstUnFinish,GessoOfReckon
Angle,Ridge
FirstImageArray,GessoDiscoBuyer
Fanguan,Weekday
FirstFanguanArray,GessoWeekdayBuyer
FirstQuesMark,GessoWormInca
FirstTop,GessoWeb
FirstActionRollBackAdd,GessoDetailEdgeSiltFir
FirstDaoshuiTopColor,GessoConnectWebBlame
FirstClearColorVolume,GessoVagueBlameHealer
Second,Confer
SecondTopEffect,ConferWebInvest
Not,Sky
Reader,Mighty
FirstNotReaderNumber,GessoSkyMightyPierce
Gui,Sty
CurGuiData,DNAStyShow
Mini,Just
MiniType,JustWhen
Dic_Reward,Wax_Clothe
m,m
enable,Fecund
Middle,Tundra
enableMiddle,FecundTundra
m_enableMiddle,m_FecundTundra
surpass,Dubious
surpassLine,DubiousWhen
m_surpassLine,m_DubiousWhen
ready,Disco
Ground,Tailor
BackGround,SiltTailor
Title,Round
TitleDesc,RoundBias
Center,Frenzy
CenterDesc,FrenzyBias
Coin,Core
CoinDesc,CoreBias
Close,Xenon
CloseBtn,XenonShy
Free,Jury
FreeBtn,JuryShy
CoinBtn,CoreShy
Popup,Bring
PopupNumber,BringPierce
Buy,Rot
BuyNumber,RotPierce
FreeDesc,JuryBias
Icon,Soup
PopupIcon,BringSoup
CurCoinNumber,DNACorePierce
Expent,Priest
CurExpent,DNAPriest
Num,Ear
PopupNum,BringEar
Porp,Arch
PorpIcon,ArchSoup
Info,Lady
Text,Hand
InfoText,LadyHand
Quit,Slab
QuitBtn,SlabShy
Goto,Seep
GotoBtn,GotoShy
Skip,Chic
SkipBtn,ChicShy
ListArray,PuffBuyer
Fx,By
Fireworks,Magnetism
Fx_Fireworks,By_Magnetism
Fx_Ribbon,By_Quiver
Cat,Bow
Spine,Venue
Ani,Put
CatSpineAni,BowVenuePut
Welldone,Uncarved
WelldoneSpineAni,UncarvedVenuePut
Show,Shun
ShowList,ShunPuff
Award,Tinge
CoinAward,CoreTinge
Diamond,Creeper
DiamondAward,CreeperTinge
Claim,Mound
ClaimBtn,MoundShy
Light,Pilot
DiamondLight,CreeperPilot
CoinLight,CorePilot
Mask,Glue
MaskIcon,GlueSoup
CoinIcon,CoreSoup
EndPos,AlaMat
DiamondReward,CreeperClothe
CoinReward,CoreClothe
has,Yet
Clicked,Stiffen
Ad,Me
hasClickedAdBtn,YetStiffenMeShy
Reclik,Speech
IsReclik,ItSpeech
RewardNumber,ClothePierce
CoinRewardNumber,CoreClothePierce
Level,Below
CurFinishLevel,DNAReckonBelow
LevelList,BelowPuff
Bout,Buck
Case,Slip
Enter,April
CaseEnter,SlipApril
TopArray,WebBuyer
BtnArray,ShyBuyer
Shop,Club
ShopBtn,ClubShy
Afresh,Master
AddAfresh,FirMaster
AddVase,FirArmy
AddRemind,FirFoment
AddRollBack,FirEdgeSilt
SettingBtn,StepperShy
FinishBtn,ReckonShy
Fail,Risk
FailBtn,RiskShy
Turn,Rime
TurnBtn,RimeShy
Input,Dwell
Field,Joint
InputField,DwellJoint
Hand,Erie
Tip,Mob
GuideTip,ClickMob
UseRollBackBtn,SkiEdgeSiltShy
UseRemindBtn,SkiFomentShy
UseVaseBtn,SkiArmyShy
LevelDesc,BelowBias
VaseTip,ArmyMob
VaseTipDesc,ArmyMobBias
RemindTip,FomentMob
RemindDesc,FomentBias
RollBackTip,EdgeSiltMob
RollBackDesc,EdgeSiltBias
PropMask,BardGlue
Layout,Resume
Scroll,Detach
View,Hold
ScrollViewObj,DetachHoldCut
Content,Kinetic
ItemCell,RaftLack
Fx_Sceen,By_Magic
TurnIcon,RimeSoup
RewardContent,ClotheKinetic
Table,Diver
Value,Flash
CurTurnTableValue,DNARimeDiverFlash
LevelObstacle,BelowTentacle
Valid,These
ValidDic,TheseWax
VaseDic,ArmyWax
CurLevelInfo,DNABelowLady
CurLevelID,DNABelowID
FinishNumber,ReckonPierce
MaxFinishNumber,GinReckonPierce
LevelFinish,BelowReckon
VasePropNumber,ArmyBardPierce
RemindPropNumber,FomentBardPierce
Rollback,Maverick
RollbackPropNumber,MaverickBardPierce
Null,Lace
NullPingziColor,LaceVanishBlame
VaseMaxVolume,ArmyGinHealer
CurGuideData,DNAClickShow
CurGuideStep,DNAClickGoat
IsGuide,ItClick
IsShopGuide,ItClubClick
IsOpenMask,ItTaskGlue
Unlock,Decode
ShopUnlock,ClubDecode
RewardVase,ClotheArmy
Base,Turn
Withdraw,Politics
BaseEndUseWithdraw,TurnAlaSkiPolitics
Hint,Spit
BaseEndUseHint,TurnAlaSkiSpit
BaseEndUseAdd,TurnAlaSkiFir
BaseEndTime,TurnAlaWake
BaseEndStep,TurnAlaGoat
Pause,Cajun
PauseEndTime,CajunAlaWake
Game,Zeal
StartGame,ReferZeal
EndGame,AlaZeal
UseProp,SkiBard
level,Auger
levelInfo,AugerLady
LevelSetting,BelowStepper
LevelColor,BelowBlame
PropNumber,BardPierce
IsFail,ItRisk
IsNullVase,ItLaceArmy
RemindColor,FomentBlame
StartBtn,ReferShy
Adaptive,Calendar
AdaptiveObj,CalendarCut
slider,Salmon
sliderImage,SalmonDisco
Progress,Profound
ProgressText,ProfoundHand
Loading,Consume
Items,Clock
LoadingItems,ConsumeClock
Yes,Mix
No,An
Confrim,Magical
AwardDesc,TingeBias
Diamand,Recount
Get,Put
Slot,Site
SlotBG,SiteBG
rewardValue,ExhaleFlash
rewardData,ExhaleShow
_rewardData,_ExhaleShow
Stars,Allay
star,Silk
Sprite,Herald
star1Sprite,Silk1Herald
star2Sprite,Silk2Herald
Version,Persist
Sound,Judge
Music,Roman
Vibra,Trail
VibraBtn,VibraShy
LanguageBtn,DistanceShy
Go,Up
Home,Tire
GoHomeBtn,UpTireShy
Rate,Luck
RateBtn,LuckShy
Privacy,Suspect
Sub,Bat
UnSubBtn,OfSubShy
Debug,Snipe
DebugNumber,SnipePierce
ListBtn,PuffShy
PrivacyURL,SuspectURL
CoinNumber,CorePierce
ShopObj,ClubCut
Group,Below
ColorGroup,BlameGroup
ColorScroll,BlameDetach
ColorContent,BlameKinetic
Tube,Sage
TubeGroup,SageBelow
TubeScroll,SageDetach
TubeContent,SageKinetic
Tog,Gem
ColorTog,BlameGem
TubeTog,SageGem
ShopList,ClubPuff
InitGroup,TactBelow
template,Congress
Multi,Civil
templateMultiObjectList,CongressCivilBranchPuff
templateMultiObject,CongressCivilBranch
item,Many
Width,Anvil
itemWidth,ManyAnvil
big,Pay
Wheel,Slope
bigWheelItem,PaySlopeRaft
small,Beach
smallWheelItem,BeachSlopeRaft
smallWheel,BeachSlope
bigWheel,PaySlope
pointer,Spatial
spin,Deep
Button,Innate
spinButton,DeepInnate
bigItemList,PayRaftPuff
isInit,DyTact
Audio,Bleak
Mgr,Ten
AudioMgr,BleakTen
Component,Humiliate
Queue,Flesh
AudioComponentQueue,BleakHumiliateFlesh
Count,Eject
MaxCount,GinEject
AudioQueue,BleakFlesh
bg,Ax
bgMusic,AxRoman
m_bgMusic,m_AxRoman
Play,Corp
Source,Earner
PlayAudioSourceList,CorpBleakEarnerPuff
Check,Pella
Interval,Columbia
CheckInterval,PellaColumbia
Bg,So
Switch,Desire
BgMusicSwitch,SoRomanDesire
_BgMusicSwitch,_SoRomanDesire
EffectMusicSwitch,InvestRomanDesire
_EffectMusicSwitch,_InvestRomanDesire
BgVolume,SoHealer
_BgVolume,_SoHealer
EffectVolume,InvestHealer
_EffectVolume,_InvestHealer
BGM,BGM
Name,Hiss
BGM_Name,BGM_Hiss
AudioSettingDict,BleakStepperFoot
Round,Ensue
Digits,Healer
RoundDigits,EnsueDigits
frames,Accept
framerate,Depiction
ignore,Square
Scale,Incur
ignoreTimeScale,SquareWakeIncur
loop,Suck
curve,Curve
image,Clerk
sprite,Manner
Renderer,Facelift
spriteRenderer,MannerFacelift
current,Festive
Frame,Wharf
currentFrameIndex,FestiveWharfGourd
timer,Solar
Framerate,Polyphony
currentFramerate,FestivePolyphony
Target,Hairdo
Target_Type,Hairdo_When
Layout_Type,Resume_When
Run,Age
Run_Time,Age_Wake
Layout_Number,Resume_Pierce
adjust,Virgin
adjustID,VirginID
sv,Ax
Just,Tree
ADJustInitType,ADTreeTactWhen
sv_ADJustInitType,sv_ADTreeTactWhen
ADJustTime,ADTreeWake
sv_ADJustTime,Ax_ADTreeWake
Revenue,Compost
adjustInitAdRevenue,VirginTactMeCompost
MAX,MAX
SDK,SDK
KEY,KEY
MAX_SDK_KEY,MAX_SDK_KEY
REWARD,REWARD
MAX_REWARD_ID,MAX_REWARD_ID
INTER,INTER
MAX_INTER_ID,MAX_INTER_ID
retry,Blame
Attempt,Veteran
retryAttempt,retryVeteran
Showing,Putrefy
isShowingAd,DyPutrefyMe
Network,Nowhere
rewardNetworkName,ExhaleNowhereHiss
Call,Pair
rewardCallBackAction,ExhalePairSiltDetail
Success,Compass
rewardSuccess,ExhaleCompass
rewardIndex,ExhaleGourd
interstitial,Antagonistic
interstitialNetworkName,AntagonisticNowhereHiss
interstitialType,AntagonisticWhen
interstitialIndex,AntagonisticGourd
ad,By
Playing,Reenter
Callbacks,Deceptive
adPlayingCallbacks,adReenterDeceptive
application,Lightweight
Timestamp,Adornment
applicationPauseTimestamp,LightweightCajunAdornment
Custom,Pretty
RewardAdCustomData,ClotheMePrettyShow
Interstitial,Entrepreneur
InterstitialAdCustomData,EntrepreneurMePrettyShow
dictionary,Leafcutter
Message,Pottery
dictionaryMessage,LeafcutterPottery
value,House
Bool,Test
valueBool,HouseTest
valueBool2,HouseTest2
Int,Rat
valueInt,HouseRat
valueInt2,HouseRat2
valueInt3,HouseRat3
Float,Cramp
valueFloat,HouseCramp
valueFloat2,HouseCramp2
Double,Invade
valueDouble,HouseInvade
valueDouble2,HouseInvade2
String,Meadow
valueString,HouseMeadow
valueString2,HouseMeadow2
valueGameObject,HouseZealBranch
valueGameObject2,HouseZealBranch2
valueGameObject3,HouseZealBranch3
valueGameObject4,HouseZealBranch4
Transform,Lifeblood
valueTransform,HouseLifeblood
valueStringList,HouseMeadowPuff
Vec,Arc
valueVec,HouseArc
valueVec2List,HouseArc2Puff
valueIntList,HouseRatPuff
message,Kinship
messageCallBack,KinshipPairSilt
vec,Cud
vec2_1,Cud2_1
vec2_2,Cud2_2
Login,Ghost
Url,Wan
LoginUrl,GhostWan
Config,Excite
ConfigUrl,ExciteWan
TimeUrl,WakeWan
Adjust,Fecund
AdjustUrl,AdjustWan
Local,Liter
User,Data
Id,To
LocalUserId,LiterDataTo
sv_LocalUserId,Ax_LiterDataTo
Server,Lizard
LocalServerId,LiterLizardTo
sv_LocalServerId,Ax_LiterLizardTo
New,Tow
Player,Recall
IsNewPlayer,ItTowRecall
sv_IsNewPlayer,Ax_ItTowRecall
Daily,Fight
Bouns,Diver
DailyBounsGetCount,FightBounsPutEject
sv_DailyBounsGetCount,Ax_FightBounsPutEject
Date,Tuna
DailyBounsDate,FightDiverTuna
sv_DailyBounsDate,Ax_FightDiverTuna
NewUserStep,TowDataGoat
sv_NewUserStep,Ax_TowDataGoat
Gold,Slam
GoldCoin,SlamCore
sv_GoldCoin,Ax_SlamCore
Cumulative,Uniformity
CumulativeGoldCoin,UniformitySlamCore
sv_CumulativeGoldCoin,Ax_UniformitySlamCore
Token,Chimp
sv_Token,Ax_Chimp
CumulativeToken,UniformityChimp
sv_CumulativeToken,Ax_UniformityChimp
Amazon,Native
sv_Amazon,Ax_Native
CumulativeAmazon,UniformityNative
sv_CumulativeAmazon,Ax_UniformityNative
Total,Leaky
TotalGameTime,LeakyZealWake
sv_TotalGameTime,Ax_LeakyZealWake
FirstGetToken,GessoPutChimp
sv_FirstGetToken,Ax_GessoPutChimp
Has,Day
Panel,Pinon
HasShowRatePanel,DayShunLuckPinon
sv_HasShowRatePanel,Ax_DayShunLuckPinon
Lottery,Surmise
CumulativeLottery,UniformitySurmise
sv_CumulativeLottery,Ax_UniformitySurmise
Already,Mortise
Pass,Mind
Levels,Biotic
AlreadyPassLevels,MortiseMindBiotic
sv_AlreadyPassLevels,Ax_MortiseMindBiotic
NewUserStepFinish,TowDataGoatReckon
sv_NewUserStepFinish,Ax_TowDataGoatReckon
task,Kind
count,Reset
sv_task_level_count,Ax_Kind_Auger_Reset
FirstSlot,GessoSite
sv_FirstSlot,Ax_GessoSite
Adid,Lamp
AdjustAdid,FecundLamp
sv_AdjustAdid,Ax_FecundLamp
trial,Clean
num,Let
sv_ad_trial_num,Ax_By_Clean_Let
total,Table
sv_total_ad_num,Ax_Table_By_Let
sys,Lid
language,Workweek
sys_language,Lid_Workweek
Save,Acid
SaveLevel,AcidBelow
SaveObstacleLevel,AcidTentacleBelow
SaveLevelBout,AcidBelowBuck
SaveCurSkin,AcidDNAUser
All,Wet
SaveAllColorSkin,AcidWetBlameUser
SaveAllVaseSkin,AcidWetArmyUser
SaveVaseSkin,AcidArmyUser
SaveCoinNumber,AcidCorePierce
SaveVaseProp,AcidArmyBard
SaveRemindProp,AcidFomentBard
SaveRollbackProp,AcidMaverickBard
Lock,Text
SaveUnLockShop,AcidOfTextClub
Vibration,Depositor
SaveVibration,AcidDepositor
SaveSound,AcidJudge
SaveMusic,AcidRoman
SaveLanguage,AcidDistance
Weight,Entomb
FinishWeightLevel,ReckonEntombBelow
mg,So
Window,Joiner
WindowOpen,JoinerTask
mg_WindowOpen,mg_JoinerTask
WindowClose,JoinerXenon
mg_WindowClose,So_JoinerXenon
ui,Ox
levelcomplete,Technological
mg_ui_levelcomplete,So_ui_Technological
addgold,Alcohol
mg_ui_addgold,So_Ox_Alcohol
addtoken,Pathogen
mg_ui_addtoken,So_Ox_Pathogen
addamazon,Perfectly
mg_ui_addamazon,So_Ox_Perfectly
Suspend,Foreleg
GameSuspend,ZealForeleg
mg_GameSuspend,So_ZealForeleg
Change,Unseen
ItemChange,RaftUnseen
mg_ItemChange_,So_RaftUnseen_
Activity,Hydrogen
State,Noise
ActivityStateChange,HydrogenNoiseUnseen
mg_ActivityStateChange_,So_HydrogenNoiseUnseen_
LevelMaxLevelChange,BelowGinBelowUnseen
mg_LevelMaxLevelChange,So_BelowGinBelowUnseen
path,Tang
path_GoldCoin_Sprite,Tang_SlamCore_Herald
Dimond,Osprey
path_Token_Sprite_Dimond,Tang_Chimp_Herald_Osprey
TIMEOUT,TIMEOUT
BaseUrl,TurnWan
BaseLoginUrl,TurnGhostWan
BaseConfigUrl,TurnExciteWan
BaseTimeUrl,TurnWakeWan
BaseAdjustUrl,TurnFecundWan
Code,Solo
GameCode,ZealSolo
Channel,Artisan
country,Million
ConfigData,ExciteShow
InitData,TactShow
GameData,ZealShow
LevelConfigData,BelowExciteShow
Manager,Imagery
adManager,ByImagery
gaid,Slam
aid,Rub
idfa,Lush
From,Heed
DataFrom,ShowHeed
ready_count,Disco_Reset
Block,Panel
Rule,Mess
BlockRule,PanelMess
Cash,Disc
Out,Ted
CashOut,DiscTed
CashOut_Data,DiscTed_Show
Str,Sea
UserDataStr,DataShowSea
UserData,DataShow
GetUserInfoCount,PutDataLadyEject
text,Open
GetSuccess,PutCompass
GetFail,PutRisk
DEFAULT,DEFAULT
DEFAULT_TIMEOUT,DEFAULT_TIMEOUT
RETRY,RETRY
COUNT,COUNT
MAX_RETRY_COUNT,MAX_RETRY_COUNT
INTERVAL,INTERVAL
RETRY_INTERVAL,RETRY_INTERVAL
request,Mistake
Tasks,Viral
requestTasks,MistakeViral
Net,Rat
Work,Warp
NetWorkGetList,NetWarpPutPuff
Post,Meet
NetWorkPostList,RatWarpMeetPuff
URL,URL
Form,Lift
PostSuccess,MeetCompass
PostFail,MeetRisk
target,Flyway
targetImage,FlywayDisco
corners,Melodic
targetOffsetX,FlywayStrictX
targetOffsetY,FlywayStrictY
material,Plutonic
currentOffsetX,FestiveStrictX
currentOffsetY,FestiveStrictY
shrink,Satire
shrinkTime,SatireWake
Penetrate,Generally
eventPenetrate,PeskyGenerally
targetWidth,FlywayAnvil
Height,Motive
targetHeight,FlywayMotive
Velocity,Economic
shrinkVelocityX,SatireEconomicX
shrinkVelocityY,SatireEconomicY
center,Influx
Pool,Pine
PoolQueue,PineFlesh
m_PoolQueue,m_PineFlesh
PoolName,PineHiss
m_PoolName,m_PineHiss
Parent,Sticky
m_Parent,m_Sticky
prefab,Differ
m_MaxCount,m_GinEject
Default,Russian
DefaultMaxCount,RussianGinEject
m_DefaultMaxCount,m_RussianGinEject
PoolDic,PineWax
m_PoolDic,m_PineWax
Root,Hang
RootTransform,HangLifeblood
m_RootTransform,m_HangLifeblood
Toast,Waste
ToastText,WasteHand
need,Lien
Refresh,Postwar
needStartRefresh,LienReferPostwar
Tracker,Contact
TrackerName,ContactHiss
Adjust_TrackerName,Fecund_ContactHiss
AP,AP
Save_AP,Acid_AP
Normal,Schist
Mode,Fore
NormalModeName,SchistForeHiss
Distances,Enjoyment
Reason,Policy
Log,Pay
StepLog,GoatLog
NumText,EarHand
Clock,Widen
ClockText,WidenHand
Pointer,Optical
countdown,Lightning
CloseButton,XenonInnate
AdjustAdidText,FecundLampHand
ServerIdText,LizardToHand
Act,Ask
Counter,Eclipse
ActCounterText,AskEclipseHand
AdjustTypeText,FecundWhenHand
Reset,Ample
ResetActCountButton,AmpleAskEjectInnate
AddActCountButton,FirAskEjectInnate
Last,Soft
LastPlayTimeCounterText,SoftCorpWakeEclipseHand
Counter101Text,Eclipse101Hand
Counter102Text,Eclipse102Hand
Counter103Text,Eclipse103Hand
Trial,Nurse
TrialNumText,NurseEarHand
Rewarded,Nineteen
PlayRewardedAdButton,CorpNineteenMeInnate
PlayInterstitialAdButton,CorpEntrepreneurMeInnate
Thanks,Select
NoThanksButton,AnSelectInnate
TrialNumButton,NurseEarInnate
TimeInterstitialText,WakeEntrepreneurHand
PauseTimeInterstitialButton,CajunWakeEntrepreneurInnate
Resume,Invade
ResumeTimeInterstitialButton,ResumeWakeEntrepreneurInnate
msgs,Post
id,On
level_id,Auger_On
withdraw,Collagen
nums,Thin
withdraw_nums,Collagen_Thin
hint,Sign
hint_nums,Sign_Thin
add,Ute
add_nums,Ute_Thin
result,Brutal
level_result,Auger_Brutal
use,Wee
use_withdraw_nums,Wee_Collagen_Thin
use_hint_nums,Wee_Sign_Thin
use_add_nums,Wee_Ute_Thin
time,Only
step,Plan
amount,Bemoan
way,Bee
scene,Daunt
RefreshPingziColor,PostwarVanishBlame
Video,Folly
FailVideoAward,RiskFollyTinge
AddPopup,FirBring
DisableProp,TextileBard
UseRemindProp,SkiFomentBard
LevelGuide,BelowClick
RefreshLanguage,PostwarDistance
CloseHomeEffect,XenonTireInvest
Create,Tariff
CreatePingziFinish,TariffVanishReckon
RefreshRemind,PostwarFoment
CreateReward,TariffClothe
RefreshRewardPos,PostwarClotheMat
constant,Blockage
shop,Coin
Rv,Ox
config,Bubbly
Rv_config,Rv_Bubbly
Int_config,Rat_Bubbly
cd,To
Int_cd,Rat_cd
back,Sift
Int_back_cd,Rat_Sift_To
Win,Fad
coins,Trout
Win_coins,Fad_Trout
Win_ad_coins,FBy_By_Trout
Unclock,Grecian
lv,By
Unclock_shop_lv,Grecian_Coin_lv
Withdrawn,Gentility
Withdrawn_nums,Gentility_Thin
Hint_nums,Spit_Thin
bottles,Treetop
Add_bottles_nums,Fir_Treetop_Thin
Withdrawn_ad_nums,Gentility_By_Thin
Hint_ad_nums,Spit_By_Thin
bottles_ad_nums,Treetop_By_Thin
price,Mural
Withdrawn_price,Gentility_Mural
Hint_price,Spit_Mural
Bottles,Plaster
Bottles_price,Plaster_Mural
Policy,Fusion
Privacy_Policy,Suspect_Fusion
Us,ID
Rate_Us,Luck_Us
Initial,Leaning
coin,Area
Initial_coin,Leaning_Area
Rateconfig,Solidarity
GuideVaseID,ClickArmyID
GuideDic,ClickWax
rateconfig,Transplant
initial,College
initial_coin,College_Area
contact,Tieback
us,Go
contact_us,Tieback_Go
privacy,Kinship
policy,Seabed
privacy_policy,privacy_Seabed
hint_price,Sign_Mural
bottles_price,Treetop_Mural
withdrawn,Waterfall
withdrawn_price,Waterfall_Mural
win,Lug
win_ad_coins,Lug_By_Trout
win_coins,Lug_Trout
rv,Be
rv_config,Be_Bubbly
gameconfigtest,Proportionally
Json,Yarn
JsonList,YarnPuff
App,Ice
AppSetting,IceStepper
_AppSetting,_IceStepper
SYS,SYS
PATH,PATH
CANVAS,CANVAS
SYS_PATH_CANVAS,SYS_PATH_CANVAS
UIFORMS,UIFORMS
CONFIG,CONFIG
INFO,INFO
SYS_PATH_UIFORMS_CONFIG_INFO,SYS_PATH_UIFORMS_CONFIG_INFO
TAG,TAG
SYS_TAG_CANVAS,SYS_TAG_CANVAS
NORMAL,NORMAL
NODE,NODE
SYS_NORMAL_NODE,SYS_NORMAL_NODE
FIXED,FIXED
SYS_FIXED_NODE,SYS_FIXED_NODE
POPUP,POPUP
SYS_POPUP_NODE,SYS_POPUP_NODE
TOP,TOP
SYS_TOP_NODE,SYS_TOP_NODE
SCRIPTMANAGER,SCRIPTMANAGER
SYS_SCRIPTMANAGER_NODE,SYS_SCRIPTMANAGER_NODE
UICAMERA,UICAMERA
SYS_UICAMERA_NODE,SYS_UICAMERA_NODE
on,Up
onClick,onCheep
Down,Beak
onDown,UpBeak
onEnter,UpApril
onExit,UpFeat
Up,By
onUp,UpUp
Select,Wooden
onSelect,UpWooden
Update,Stable
onUpdateSelect,UpStableWooden
dic,Dig
Messages,Astonish
dicMessages,DigAstonish
_dicMessages,_DigAstonish
Key,But
_Key,_But
Values,Tycoon
_Values,_Tycoon
Instance,Cambrian
_Instance,_Cambrian
ht,Ax
Canvas,Squash
GoCanvasRoot,UpSquashHang
_GoCanvasRoot,_UpSquashHang
Tra,Dim
Scripts,Wealthy
Node,Peal
TraUIScriptsNode,DimUIWealthyPeal
_TraUIScriptsNode,_DimUIWealthyPeal
To,Up
GoToPanel,UpToPinon
_GoToPanel,_UpToPinon
GoMaskPanel,UpGluePinon
_GoMaskPanel,_UpGluePinon
Camera,Tenant
UICamera,UITenant
_UICamera,_UITenant
Original,Although
Depth,Stamp
OriginalUICameraDepth,AlthoughUITenantStamp
_OriginalUICameraDepth,_AlthoughUITenantStamp
Instatnce,Sectional
_Instatnce,_Sectional
Lauguage,Medicine
Cache,Stand
DicLauguageCache,WaxMedicineStand
_DicLauguageCache,_WaxMedicineStand
Current,Bizarre
CurrentUIType,BizarreUIWhen
_CurrentUIType,_BizarreUIWhen
close,Moody
button,Scurry
close_button,Moody_Scurry
Main,Slit
MainCanvas,SlitSquash
Forms,Shiny
Paths,Aloof
DicFormsPaths,WaxShinyAloof
_DicFormsPaths,_WaxShinyAloof
DicALLUIForms,WaxALLUIShiny
_DicALLUIForms,_WaxALLUIShiny
Sta,Bed
StaCurrentUIForms,BedBizarreUIShiny
_StaCurrentUIForms,_BedBizarreUIShiny
DicCurrentShowUIForms,WaxBizarreShunUIShiny
_DicCurrentShowUIForms,_WaxBizarreShunUIShiny
Wait,Acid
WaitUIForms,WaitUIShiny
_WaitUIForms,_WaitUIShiny
Transfrom,Supersede
TraCanvasTransfrom,DimSquashSupersede
_TraCanvasTransfrom,_DimSquashSupersede
TraNormal,DimSchist
_TraNormal,_DimSchist
Fixed,Goose
TraFixed,DimGoose
_TraFixed,_DimGoose
Pop,Bag
TraPopUp,DimBagBy
_TraPopUp,_DimBagBy
_Top,_Web
TraUIScripts,DimUIWealthy
_TraUIScripts,_DimUIWealthy
TraUICamera,DimUITenant
_TraUICamera,_DimUITenant
PanelName,PinonHiss
PanelNameList,PinonHissPuff
uiFormName,OxLiftHiss
Params,Mandan
uiFormParams,OxLiftMandan
Reverse,Nowhere
IsClearReverseChange,ItVagueReverseUnseen
spacing,Russian
Safe,Lung
Area,Bone
LastSafeArea,SoftLungBone
ProgressImage,ProfoundDisco
Tab,Ant
TabName,AntHiss
panel,Cling
tab,Hit
tabButton,HitInnate
Active,Devoid
ActiveIcon,DevoidSoup
Inactive,Islander
InactiveIcon,IslanderSoup
items,Smoke
Animation,Curvature
ActiveAnimationObj,DevoidCurvatureCut
ActiveBG,DevoidBG
InactiveBG,IslanderBG
ActiveColor,DevoidBlame
InactiveColor,IslanderBlame
ActiveTab,DevoidAnt
active,Growth
activeTabName,GrowthAntHiss
Panels,Beacon
tabPanels,HitBeacon
open,Dust
Callback,Redesign
openCallback,DustRedesign
mask,York
mypageview,Programmer
rect,Rosy
pos,Ton
posList,TonPuff
Drag,Rend
isDrag,DyRend
stop,Sage
Move,Pile
stopMove,stopPile
Horizontal,Projection
targetHorizontal,FlywayProjection
startDragHorizontal,ZebraRendProjection
smooting,Platform
sensitivity,Susceptible
On,Or
Page,Scat
OnPageChange,OrScatUnseen
currentPageIndex,FestiveScatGourd
itemCell,ManyLack
scroll,Critic
Rect,Read
scrollRect,CriticRead
content,Ingoing
totalWidth,TableAnvil
totalHeight,TableMotive
visible,Texture
visibleCount,TextureEject
Clac,Sign
isClac,DyClac
startIndex,ZebraGourd
last,Ohio
lastIndex,OhioGourd
itemHeight,ManyMotive
itemList,ManyPuff
visibleList,TexturePuff
all,Red
allList,RedPuff
IsVibra,ItTrail
IsMusic,ItRoman
IsSound,ItJudge
Enable,Critic
EnableMiddle,EnableTundra
Surpass,Orogeny
SurpassLine,OrogenyWhen
Volmue,Fringe
EffectVolmue,InvestFringe
Frames,Squirt
Ignore,Adjust
IgnoreTimeScale,AdjustWakeIncur
Loop,Poll
currentCount,FestiveEject
_currentCount,_FestiveEject
currentRevenue,FestiveCompost
_currentRevenue,_FestiveCompost
lastPlayTimeCounter,OhioCorpWakeEclipse
counter,Chemist
counter101,Chemist101
counter102,Chemist102
counter103,Chemist103
pause,Rainy
pauseTimeInterstitial,RainyWakeEntrepreneur
Package,Boulder
PackageName,BoulderHiss
Request,Seminar
RequestId,SeminarTo
Headers,Request
OnSuccess,OrCompass
OnFail,OrRisk
Retry,Orbit
RetryCount,OrbitEject
Timeout,Illness
Running,Stomach
IsRunning,ItStomach
Web,Dam
WebRequest,DamSeminar
Raw,Net
RawData,NetShow
GetNetWorkGetListCount,PutRatWarpPutPuffEject
GetNetWorkPostListCount,PutRatWarpMeetPuffEject
Prefab,Fungal
TabButton,AntInnate
DataCount,ShowEject
LineHeight,WhenMotive
Listener,Chapbook
AddListener,FirChapbook
Remove,Slowly
RemoveListener,SlowlyChapbook
Broadcast,Afternoon
Listeners,Customary
ClearAllListeners,VagueWetCustomary
Register,Eusocial
Event,Floor
RegisterEvent,EusocialFloor
Unregister,Compulsory
UnregisterEvent,CompulsoryFloor
Anonymous,Inability
Method,Radial
IsAnonymousMethod,ItInabilityRadial
GetListenerCount,PutChapbookEject
HasListener,DayChapbook
BottlesFinishAni,PlasterReckonPut
LevelFinishAni,BelowReckonPut
Bottle,Entity
BottleUpAni,EntityByPut
BottleDownAni,EntityBeakPut
Preparing,Stretcher
Pour,Coal
PreparingPourWaterAni,StretcherCoalTitlePut
In,So
PourWaterAniInProgress,CoalTitlePutInProfound
Over,Lowa
PourWaterAniOver,CoalTitlePutLowa
The,Bed
Other,Apply
Bottlefor,Symbolize
TheOtherBottleforPourWater,TheApplySymbolizeCoalTitle
Set,Ant
Mat,Wee
SetMat,SetMat
ClearObstacleColor,VagueTentacleBlame
HandAni,EriePut
Chang,Pluto
ChangAni,PlutoPut
UnLockShopAni,OfTextClubPut
LoadingAni,ConsumePut
ClickData,CheepShow
ReClickInit,OxCheepTact
Status,Monoid
AnimationStatus,CurvatureMonoid
ClearDaoshuiVolume,VagueConnectHealer
FinishDaoshuiStatus,ReckonConnectMonoid
Beidaoshui,Cumbersome
FinishBeidaoshuiStatus,ReckonCumbersomeMonoid
UnFinishStatus,OfReckonMonoid
Alpha,Novel
SettingImageAlpha,StepperDiscoNovel
SettingTopImage,StepperWebDisco
RefreshColor,PostwarBlame
RollBackAdd,EdgeSiltFir
RollBackSubtract,EdgeSiltSoftball
DaoshuiTopColor,ConnectWebBlame
CreateVaseReward,TariffArmyClothe
UseRemind,SkiFoment
Invoke,Cornet
InvokeRollBack,CornetEdgeSilt
MessageGuideData,PotteryClickShow
InvokeGuideAction,CornetClickDetail
ClearObstacle,VagueTentacle
PopShow,BagShun
Hide,Pile
PopHide,BagHide
ChangeNumber,UnseenPierce
Best,From
GoldMoveBest,SlamPileFrom
FinishGoldMoveBest,ReckonSlamPileFrom
HorizontalScroll,ProjectionDetach
Print,Water
Merge,Fetus
get,Rob
getCameraWidth,RobTenantAnvil
getCameraHeight,RobTenantMotive
World,Study
Point,Input
getWorldPoint,RobStudyInput
Nearest,Yucatan
GetNearestGameObject,PutYucatanZealBranch
PointToAngle,InputUpRidge
Angle180To360,Ridge180Up360
Unity,Belle
Direction,Grassland
GetUnityDirection,PutBelleGrassland
Texture,Harmful
True,Exam
Size,Gibe
getTextureTrueSize,RobHarmfulExamGibe
getSpriteSize,RobHeraldGibe
Touch,South
getTouchPosition,RobSouthEsoteric
getWeightIndex,RobEntombGourd
Random,Verify
Sequence,Strategy
GetRandomSequence,PutVerifyStrategy
Dictionary,Homeotherm
StringToDictionary,MeadowUpHomeotherm
DictionaryToString,HomeothermUpMeadow
Day,Cut
Diff,Both
DayDateDiff,DayTunaBoth
Sec,Pig
SecDateDiff,PigTunaBoth
DateDiff,TunaBoth
At,Be
GetPosAtText,PutMatAtHand
Distance,Chicopee
By,Or
DistanceByArea,ChicopeeByBone
Encrypt,Calorie
EncryptDES,CalorieDES
Decrypt,Shelter
DecryptDES,ShelterDES
Notification,Identifiable
Permission,Washington
RequestNotificationPermission,SeminarIdentifiableWashington
Initialize,Facilitate
Notifications,Automatically
InitializeNotifications,FacilitateAutomatically
ClearNotification,VagueIdentifiable
CreateNotificationChannel,TariffIdentifiableArtisan
Send,Roof
Immediate,Earthward
SendImmediateNotification,RoofEarthwardIdentifiable
Schedule,Clearing
ScheduleNotification,ClearingIdentifiable
OpenIEFly,TaskIEAnd
Bubble,Outwit
OpenFlyBubble,TaskAndOutwit
DeleteFlyItem,EmblemAndRaft
CreateFlyItem,TariffAndRaft
InitGameData,TactZealShow
getGold,RobSlam
addGold,UteSlam
getToken,RobChimp
addToken,UteChimp
GetCash,PutDisc
AddCash,FirDisc
getAmazon,RobNative
addAmazon,UteNative
DaoshuiMethod,ConnectRadial
RollBackClick,EdgeSiltCheep
RollBackNum,EdgeSiltEar
Finishi,Passion
FinishiRollBack,PassionEdgeSilt
Shuibei,Thunder
DownShuibei,BeakThunder
UsePropInit,SkiBardTact
ActionFirstObj,DetailGessoCut
ActionFirstIndex,DetailGessoGourd
LocalPoint,LiterInput
Screen,Eyelid
ScreenPoint,EyelidInput
LocalPoint2ScreenPoint,LiterInput2EyelidInput
ScreenPoint2LocalPoint,EyelidInput2LiterInput
Load,Part
LoadLanguageConfig,PartDistanceExcite
GetLanguageData,PutDistanceShow
LoadSkinConfig,PartUserExcite
LoadCurSkin,PartDNAUser
GetSkinData,PutUserShow
PourWaterAni,CoalTitlePut
SettingVibra,StepperTrail
SettingSound,StepperJudge
Stop,They
SettingStopSound,StepperTheyJudge
Coefficient,Concentrate
ScreenCoefficient,EyelidConcentrate
RandomNum,VerifyEar
SetLayoutHorizontal,AntResumeProjection
Vertical,Diagonal
SetLayoutVertical,AntResumeDiagonal
Cells,Varve
Along,Stuff
Axis,Also
SetCellsAlongAxis,AntVarveStuffAlso
game,Gust
gameInit,GustTact
ChangeClose,UnseenXenon
ChangeFree,UnseenJury
BuyPopup,RotBring
ShowInfo,ShunLady
Events,Sweaty
InitializeEvents,FacilitateSweaty
OpenFree,TaskJury
InitShowList,TactShunPuff
ShowFinishPanel,ShunReckonPinon
UpdateSpine,StableVenue
Advertising,Workmanship
PlayAdvertising,CorpWorkmanship
NoAdvertising,AnWorkmanship
FlyCoin,AndCore
ChangePopupNumber,UnseenBringPierce
AfreshStart,MasterRefer
PingziNumber,VanishPierce
PingziColorStack,VanishBlameBloom
ChangeAddVase,UnseenFirArmy
ChangeAddRemind,UnseenFirFoment
ChangeAddRollBack,UnseenFirEdgeSilt
ChangeUseVase,UnseenSkiArmy
FailRefreshVase,RiskPostwarArmy
ChangeUseRemind,UnseenSkiFoment
ChangeUseRollBack,UnseenSkiEdgeSilt
PropCell,BardLack
TestFinish,GritReckon
TestFail,GritRisk
Trst,Lint
TrstTurn,LintRime
TestChangeLevel,GritUnseenBelow
Restart,Arabian
ChangeRestart,UnseenArabian
ChangeAfreshStart,UnseenMasterRefer
OpenShop,TaskClub
OpenSetting,TaskStepper
MessageRemind,PotteryFoment
ActionGuide,DetailClick
FinishFlyCoin,ReckonAndCore
OpenEffect,TaskInvest
ChangeYes,UnseenMix
ClickGet,CheepPut
ChangeGet,UnseenPut
getSlotMultiIndex,RobSiteCivilGourd
play,With
playSlot,WithSite
light,Round
lightStart,lightRefer
closePanel,MoodyPinon
Yse,Ted
ChangeYse,UnseenYse
ChangeNo,UnseenAn
ChangeMusic,UnseenRoman
ChangeSound,UnseenJudge
ChangeVibra,UnseenTrail
ChangeLanguage,UnseenDistance
ChangeShop,UnseenClub
ChangeHome,UnseenTire
ChangeRate,UnseenLuck
ChangePrivacy,UnseenSuspect
ChangeExit,UnseenFeat
ChangeUnSub,UnseenOfBat
SettingDebug,StepperSnipe
ChangeColor,UnseenBlame
ShopGuide,ClubClick
ChangeTube,UnseenSage
ChangeBuySkinCoin,UnseenRotUserCore
ShopCell,ClubLack
init,Gush
initMulti,GushCivil
slot,Fair
initWheel,GushSlope
pointerAnimation,SpatialCurvature
playWinAnimation,WithFadCurvature
pop,Dry
popGetRewardPanel,DryPutClothePinon
InitAudioSourceQueue,TactBleakEarnerFlesh
For,Gun
Audo,Deal
AddAudioSourceForAudoMgr,FirBleakEarnerGunDealTen
GetAudioComponent,PutBleakHumiliate
UnUseAudioComponent,OfSkiBleakHumiliate
set,All
Bgm,Bud
One,Bag
setBgmCloseOneTime,AllBudXenonOneWake
Replace,Mexican
setBgmReplaceOneTime,AllBudMexicanBagWake
CheckUnUseAudioComponent,PellaOfSkiBleakHumiliate
SetAllEffectVolume,AntWetInvestHealer
PlayBgBase,CorpSoTurn
PlayEffectBase,CorpInvestTurn
PlayBg,CorpSo
PlayEffect,CorpInvest
getVolume,RobHealer
SetBool,AntTest
GetBool,PutTest
SetString,AntMeadow
GetString,PutMeadow
SetFloat,AntCramp
GetFloat,PutCramp
SetInt,AntRat
GetInt,PutRat
SetIntArray,AntRatBuyer
GetIntArray,PutRatBuyer
SetFloatArray,AntCrampBuyer
GetFloatArray,PutCrampBuyer
SetStringArray,AntMeadowBuyer
GetStringArray,PutMeadowBuyer
Vector,Cactus
SetVector,AntCactus
SetVector2,AntCactus2
GetVector,PutCactus
GetVector2,PutCactus2
SetVector3,AntCactus3
GetVector3,PutCactus3
Quaternion,Conference
SetQuaternion,AntConference
GetQuaternion,PutConference
SetDouble,AntInvade
GetDouble,PutInvade
Do,Up
DoUpdate,DoStable
Anchor,Oblige
SetAnchor,AntOblige
Pivot,Under
SetPivot,AntUnder
layout,Center
layoutAction,CenterDetail
AdjustInit,FecundTact
SaveAdjustAdid,AcidFecundLamp
GetAdjustAdid,PutFecundLamp
GetAdjustStatus,PutFecundMonoid
InitAdjustData,TactFecundShow
AddActCount,FirAskEject
AddAdCount,FirMeEject
LoadAdjustOnAct,PartFecundOrAsk
ResetActCount,AmpleAskEject
GetAdjustTime,PutFecundWake
setAdjustAdid,AllFecundLamp
Ads,Cab
InitializeRewardedAds,FacilitateNineteenCab
LoadRewardedAd,PartNineteenMe
LoadInterstitial,PartEntrepreneur
playRewardVideo,WithClotheFolly
playInterstitialAd,WithEntrepreneurMe
playInterstitial,WithEntrepreneur
Repeat,Thrust
RepeatMethod,ThrustRadial
NoThanksAddCount,AnSelectFirEject
PauseTimeInterstitial,CajunWakeEntrepreneur
ResumeTimeInterstitial,InvadeWakeEntrepreneur
UpdateTrialNum,StableNurseEar
RegisterPlayCallback,EusocialCorpRedesign
After,Union
AfterAdPlaySuccess,UnionMeCorpCompass
GetTotalAdNum,PutLeakyMeEar
Pin,Axe
Market,Module
OpenAPPinMarket,TaskAPAxeModule
Country,Cheapen
getCountry,RobCheapen
GetConfigData,PutExciteShow
Loaction,Ironwork
GetLoactionData,PutIronworkShow
SetConfigData,AntExciteShow
GameReady,ZealSolar
SendAdjustAdid,RoofFecundLamp
GetUserInfo,PutDataLady
ReGetUserInfo,OxPutDataLady
auto,Deaf
autoMessage,DeafPottery
Para,York
SendNoParaEvent,RoofAnParaFloor
send,Much
sendGameProgress,MuchZealProfound
SendEvent,RoofFloor
SendPost,RoofMeet
end,Ala
endRequest,endSeminar
Http,Rush
HttpGet,RushPut
HttpPost,RushMeet
HttpPostJson,RushMeetYarn
Process,Cascade
ProcessRequest,CascadeSeminar
CreateWebRequest,TariffDamSeminar
Cleanup,Segment
CleanupRequest,SegmentSeminar
Cancel,Tycoon
CancelRequest,CancelSeminar
Requests,Consider
CancelAllRequests,TycoonWetConsider
SetTargetImage,AntHairdoDisco
ShowGuide,ShunClick
ShowHand,ShunErie
WorldToCanvasPos,StudyUpSquashMat
HandAnimation,ErieCurvature
Recycle,Captain
RecycleAll,CaptainWet
Destroy,Weather
CreateObjectPool,TariffBranchPine
GetGameObject,PutZealBranch
RecycleGameObject,CaptainZealBranch
Query,Ingot
QueryPool,IngotPine
GetInstance,PutCambrian
autoCloseToast,DeafXenonWaste
ShowToast,ShunWaste
setContentLayout,AllKineticResume
Apple,Oxide
IsApple,ItOxide
Online,Potash
CheckOnlineData,PellaPotashShow
GetDistance,PutChicopee
Android,Drapery
AndroidBlockCheck,DraperyPanelPella
Editor,Recoil
IsEditor,ItRecoil
Portrait,Likewise
IsPortrait,ItLikewise
Of,Or
GetWorldPositionOfRectTransform,PutStudyEsotericOfReadLifeblood
GetTimestamp,PutAdornment
Format,Bestow
DateTimeFormat,TunaWakeBestow
Seconds,Crumple
SecondsToDateTime,CrumpleUpTunaWake
SecondsFormat,CrumpleBestow
SecondsFormat2,CrumpleBestow2
DoubleToStr,InvadeUpSea
GetWeightRandom,PutEntombVerify
GetWeightRandomIndex,PutEntombVerifyGourd
Chance,Attach
InChance,SoAttach
Shuffle,Airport
ShuffleArray,AirportBuyer
Enum,Darn
ToEnum,UpDarn
Render,Native
InitEndTime,TactAlaWake
RefreshClock,PostwarWiden
ShowCounterText,ShunEclipseHand
ShowPauseTimeInterstitial,ShunCajunWakeEntrepreneur
GetMessage,PutPottery
SetList,AntPuff
GetList,PutPuff
GetAppSettingMaxNumber,PutIceStepperGinPierce
And,Wed
Analysis,Hesitant
InitAndAnalysisJson,TactWedHesitantYarn
Msg,Nss
AddMsgListener,FirNssChapbook
RemoveMsgListener,SlowlyNssChapbook
ClearAllMsgListener,VagueWetNssChapbook
SendMessage,RoofPottery
Resource,Greenish
LoadResource,PartGreenish
Asset,Fever
LoadAsset,PartFever
SetMaskWindow,AntGlueJoiner
HideMaskWindow,PileGlueJoiner
CancelMaskWindow,TycoonGlueJoiner
Find,Team
Child,Aural
FindTheChildNode,TeamBedAuralPeal
GetTheChildNodeComponentScripts,PutBedAuralPealHumiliateWealthy
AddChildNodeComponent,FirAuralPealHumiliate
AddChildNodeToParentNode,FirAuralPealUpStickyPeal
ShowText,ShunHand
InitLauguageCache,TactMedicineStand
FindChildAddComponent,TeamAuralFirHumiliate
Freeze,Occupy
Rigister,Listener
RigisterButtonObjectEvent,ListenerInnateBranchFloor
OpenUIForm,TaskUILift
CloseUIForm,XenonUILift
Receive,Fateful
ReceiveMessage,FatefulPottery
AddPanel,FirPinon
SubPanel,BatPinon
InitRootCanvasLoading,TactHangSquashConsume
ShowUIForms,ShunUIShiny
Return,Cowboy
CloseOrReturnUIForms,XenonDyCowboyUIShiny
ClearAllUI,VagueWetUI
Next,Nile
ShowNextPopUp,ShunNileBagBy
ClearWaitUIForms,VagueAcidUIShiny
Catch,Force
LoadFormsToALLUIFormsCatch,PartShinyUpALLUIShinyForce
LoadUIForm,PartUILift
EnterUIFormsCache,AprilUIShinyStand
ExitUIFormsCache,FeatUIShinyStand
Formst,Mental
EnterUIFormstToCacheHideOther,AprilUIMentalUpStandPileApply
EnterUIFormsCacheWaitClose,AprilUIShinyStandAcidXenon
ExitUIFormsFromCacheAndShowOther,FeatUIShinyHeedStandWedShunApply
Push,Lack
PushUIForms,PushUIShiny
PopUIForms,BagUIShiny
InitUIFormsPathsData,TactUIShinyAloofShow
InitCamera,TactTenant
ClearStackArray,VagueBloomBuyer
GetCurrentFormStack,PutBizarreLiftBloom
GetPanelByName,PutPinonOrHiss
Opening,Display
GetOpeningPanels,PutDisplayBeacon
RefreshLayout,PostwarResume
Apply,Floor
ApplySafeArea,ApplyLungBone
RefreshProgress,PostwarProfound
OpenTab,TaskAnt
ActiveBgAnimation,DevoidSoCurvature
RegisterCallback,EusocialRedesign
SetActiveUI,AntDevoidUI
pagechange,Netherland
SetPageIndex,AntScatGourd
SetData,AntShow
UpdateItem,StableRaft
PopItem,BagRaft
PushItem,LackRaft
AddItem,FirRaft
MessageManager,PotteryImagery
AnimationGroup,CurvatureBelow
Handler,Control
ButtonHandler,InnateControl
PingziCell,VanishLack
RewardCell,ClotheLack
Controller,Fahrenheit
AnimationController,CurvatureFahrenheit
CustomPrint,PrettyWater
Dictionaries,Conservative
MergeDictionaries,FetusConservative
System,Sample
GetSystemData,PutSampleShow
NotificationManager,IdentifiableImagery
colorconfig,Sedimentary
colorconfigDB,SedimentaryDB
FlyManager,AndImagery
GameDataManager,ZealShowImagery
GameManager,ZealImagery
RewardPanelData,ClothePinonShow
Grid,View
Ex,At
GridLayoutGroupEx,ViewResumeBelowAt
MainManager,SlitImagery
AddPropPopup,FirBardBring
BlockPanel,PanelPinon
Dont,Dawn
DontShopPopup,DawnClubBring
FailPanel,RiskPinon
FinishPanel,ReckonPinon
GamePanel,ZealPinon
HomePanel,TirePinon
LoadPanel,PartPinon
Logout,Detect
LogoutPanel,DetectPinon
Lucky,Still
LuckySkipPanel,StillChicPinon
RateUsPanel,LuckIDPinon
RestartPanel,ArabianPinon
SettingPanel,StepperPinon
ShopPanel,ClubPinon
SlotGroup,SiteBelow
Trun,Soft
TrunTablePanel,TrunDiverPinon
AudioSourceQueue,BleakEarnerFlesh
MusicMgr,RomanTen
Resources,Utterance
MusicResourcesMgr,RomanUtteranceTen
MusicType,RomanWhen
Common,Innate
CommonConfig,CommonExcite
SaveDataManager,AcidShowImagery
Animator,Folklore
FrameAnimator,WharfFolklore
Archor,Memory
Tool,Mint
ArchorTool,MemoryMint
Auto,Trim
AutoLayout,TrimResume
AdjustInitManager,FecundTactImagery
ADManager,ADImagery
CustomData,PrettyShow
Ad_CustomData,Me_PrettyShow
RateUsManager,LuckIDImagery
Logic,Swirl
MessageCenterLogic,PotteryFrenzySwirl
MessageData,PotteryShow
CConfig,CExcite
NetInfoMgr,RatLadyTen
Script,Gently
PostEventScript,MeetFloorGently
NetWorkGetObject,RatWarpPutBranch
NetWorkManager,RatWarpImagery
Task,Crew
RequestTask,SeminarCrew
NetWorkPostObject,RatWarpMeetBranch
Guidance,Spacious
GuidanceEventPenetrate,SpaciousFloorGenerally
NewUserGuidePanel,TowDataClickPinon
RectGuideMask,ReadClickGlue
ObjectPool,BranchPine
ObjectPoolManager,BranchPineImagery
Mono,Beer
Singleton,Zoologist
MonoSingleton,BeerZoologist
ToastManager,WasteImagery
ScrollViewContentLayout,DetachHoldKineticResume
Util,Wine
CommonUtil,InnateWine
DateUtil,TunaWine
NumberUtil,PierceWine
RandomUtil,VerifyWine
StringUtil,MeadowWine
RewardItemUI,ClotheRaftUI
TimeUI,WakeUI
AdjustTestPanel,FecundGritPinon
AdManagerTestPanel,MeImageryGritPinon
Error,Solve
ErrorCodeMessage,SolveSoloPottery
BaseStartGame,TurnReferZeal
BaseEndGame,TurnAlaZeal
BaseGetProp,TurnPutBard
BaseUseProp,TurnSkiBard
BaseGetCoin,TurnPutCore
BaseUseCoin,TurnSkiCore
MessageCode,PotterySolo
DataManager,ShowImagery
JsonName,YarnHiss
Constant,Monoxide
ConstantName,MonoxideHiss
LevelGuideInfo,BelowClickLady
LevelGuideData,BelowClickShow
GameConfigData,ZealExciteShow
ColorConfigData,BlameExciteShow
configData,BubblyShow
ConfigManagerByJson,ExciteImageryOrYarn
KeyValuesInfo,ButTycoonLady
KeyValuesNode,ButTycoonPeal
Sys,Nss
Define,Purely
SysDefine,SysPurely
Trigger,Biology
EventTriggerListener,FloorBiologyChapbook
MessageCenter,PotteryFrenzy
KeyValuesUpdate,ButTycoonStable
Anlysis,Emotive
Exception,Goldsmith
JsonAnlysisException,YarnEmotiveGoldsmith
ResourcesMgr,UtteranceTen
UIMaskMgr,UIGlueTen
Helper,Quasar
UnityHelper,BelleQuasar
LauguageMgr,MedicineTen
BaseUIForms,TurnUIShiny
UIManager,UIImagery
UIFormParams,UILiftMandan
UIType,UIWhen
AutoLayoutVertical,TrimResumeDiagonal
Adapter,Sustain
SafeAreaAdapter,LungBoneSustain
ProgressUI,ProfoundUI
TabItem,AntRaft
TabController,AntFahrenheit
TabItemController,AntRaftFahrenheit
Control,Notable
MaskControl,GlueNotable
PageView,ScatHold
ScrollView,DetachHold
UI,UI
Card,Your
LevelPopCardBG,BelowBagYourBG
UI_LevelPopCardBG,UI_BelowBagYourBG
LevelPop,BelowBag
UI_LevelPop_SlotBG,UI_BelowBag_SiteBG
SlotCard,SiteYour
UI_LevelPop_SlotCard,UI_BelowBag_SiteYour
SlotPop,SiteBag
UI_LevelPop_SlotPop,UI_BelowBag_SiteBag
UI_SlotBG,UI_SiteBG
Big,Gut
Gem,Pet
BigGem,GutPet
BigGem_reward,GutPet_Exhale
1,1
2,2
bubble,Battle
soap,Bull
bubble_soap,Battle_Bull
circle,Person
Circle,Bustle
Circle01,Bustle01
Circle02,Bustle02
Circle04,Bustle04
boke,Head
circle_boke01,Person_Head01
soft,Drug
circle_soft02,Person_Drug02
circle_soft03,Person_Drug03
cloud,Phase
l,l
cloud_l,Phase_l
r,r
cloud_r,Phase_r
confetti,Tectonic
large,Tract
confetti_large,Tectonic_Tract
glow,Beak
glow1,Beak1
glow2,Beak2
gradient,Wingless
vertical,Mobility
gradient_vertical2,Wingless_Mobility2
spiky,Scout
gradient_vertical_spiky,Wingless_Mobility_Scout
FX,FX
Blue,Coax
Item_FX_5_Blue,Raft_FX_5_Coax
line,Rank
line04,Rank04
magic,Drift
blast,Pivot
magic_blast,Drift_Pivot
orb,Hut
magic_orb2,Drift_Hut2
Noise,Shake
Tex,You
NoiseTex,ShakeYou
Ray,Peg
Ray01,Peg01
Rectangle,Migration
Rectangle_Blue,Migration_Coax
ring,Seal
ring02,Seal02
ring08,Seal08
sickle,Except
sickle06,Except06
sickle07,Except07
sickle08,Except08
Star,With
Star01,With01
UI_Water_Mask,UI_Title_Glue
water,Rural
x,x
water_soft_3x3,Rural_Drug_3x3
AD,AD
UI_FinishPanel_AD,UI_ReckonPinon_AD
ADBtn,ADShy
UI_FinishPanel_ADBtn,UI_ReckonPinon_ADShy
UI_FinishPanel_Add,UI_ReckonPinon_Fir
UI_FinishPanel_Claim,UI_ReckonPinon_Mound
UI_FinishPanel_ClaimBtn,UI_ReckonPinon_MoundShy
UI_FinishPanel_CoinLight,UI_ReckonPinon_CorePilot
UI_FinishPanel_Double,UI_ReckonPinon_Invade
UI_FinishPanel_Free,UI_ReckonPinon_Jury
UI_FinishPanel_Light,UI_ReckonPinon_Pilot
UI_FinishPanel_Star,UI_ReckonPinon_With
Bar,Mad
TopBar,WebMad
UI_FinishPanel_TopBar,UI_ReckonPinon_WebMad
UI_Gold,UI_Slam
UI_Bottle_Back,UI_Entity_Silt
Front,Renew
UI_Bottle_Front,UI_Entity_Renew
UI_Bottle_Plug,UI_Entity_Gild
UI_Water_Down,UI_Title_Beak
DownMask,BeakGlue
UI_Water_DownMask,UI_Title_BeakGlue
UI_Water_Up,UI_Title_By
UpMask,ByGlue
UI_Water_UpMask,UI_Title_ByGlue
195x787,195x787
230x787,230x787
Obstracle,Remainder
Obstracle_New,Remainder_Tow
Grey,Face
UI_Bottle_Grey,UI_Entity_Face
UI_Bottle_Grey_1,UI_Entity_Face_1
UI_Bottle_Grey_2,UI_Entity_Face_2
UI_Bottle_Grey_3,UI_Entity_Face_3
Question,Linguist
mark,List
UI_Question mark,UI_Linguist List
UI_Water_Down_big,UI_Title_Beak_Pay
UI_Water_Up_big,UI_Title_By_Pay
Cherry,Urchin
UI_Bottle_Cherry,UI_Entity_Urchin
Transparent,Unreachable
UI_Bottle_Cherry_Transparent,UI_Entity_Urchin_Unreachable
Straw,Heave
UI_Bottle_Straw,UI_Entity_Heave
UI_Bottle_Straw_Transparent,UI_Entity_Heave_Unreachable
AddBottle,FirEntity
UI_AddBottle,UI_FirEntity
AddBtn,FirShy
UI_AddBtn,UI_FirShy
AdIcon,MeSoup
UI_AdIcon,UI_MeSoup
UI_CloseBtn,UI_XenonShy
UI_FreeBtn,UI_JuryShy
BG,BG
UI_GamePanel_BG,UI_ZealPinon_BG
Flash,Build
UI_GamePanel_Flash,UI_ZealPinon_Build
UI_GamePanel_Hand,UI_ZealPinon_Erie
LevelBG,BelowBG
UI_GamePanel_LevelBG,UI_ZealPinon_BelowBG
Gamepanel,Intricate
UI_Gamepanel_Stop,UI_Intricate_They
GoldBar,SlamMad
UI_GoldBar,UI_SlamMad
HintBtn,SpitShy
UI_HintBtn,UI_SpitShy
Red,Sky
RedPoint,SkyInput
UI_RedPoint,UI_SkyInput
UI_ShopBtn,UI_ClubShy
Undo,Soap
UndoBtn,SoapShy
UI_UndoBtn,UI_SoapShy
xiaozp,Search
xiaozp_1,Search_1
Bottom,Tunnel
BtnBottom,ShyTunnel
UI_BtnBottom,UI_ShyTunnel
UI_HomePanel_BG,UI_TirePinon_BG
Homepanel,Interview
UI_Homepanel_Btn,UI_Interview_Shy
down,Tilt
UI_Homepanel_Btn_down,UI_Interview_Shy_Tilt
UI_HomePanel_Level,UI_TirePinon_Below
UI_Homepanel_Light_1,UI_Interview_Pilot_1
UI_Homepanel_Light_2,UI_Interview_Pilot_2
UI_SettingBtn,UI_StepperShy
ShowBottle,ShunEntity
UI_ShowBottle,UI_ShunEntity
Icon 1,Soup 1
UI_Loading_BG,UI_Consume_BG
UI_Loading_Bottle,UI_Consume_Entity
UI_Loading_Light_1,UI_Consume_Pilot_1
UI_Loading_Light_2,UI_Consume_Pilot_2
Rocket,Female
UI_Loading_Rocket,UI_Consume_Female
Slider,Lessen
UI_Loading_Slider_1,UI_Consume_Lessen_1
UI_Loading_Slider_2,UI_Consume_Lessen_2
UI_Loading_Slider_3,UI_Consume_Lessen_3
UI_Loading_Star,UI_Consume_With
Loaidng,Calcium
UI_Loaidng_Water,UI_Calcium_Title
UI_Title_Bottle,UI_Round_Entity
E,E
UI_Title_E,UI_Round_E
kuang,Tough
UI_Title_kuang,UI_Round_Tough
M,M
UI_Title_M,UI_Round_M
O,O
UI_Title_O,UI_Round_O
Sort,Cape
UI_Title_Sort,UI_Round_Cape
W,W
UI_Title_W,UI_Round_W
UI_Title_Water,UI_Round_Title
Lose,Left
LosePanel,LeftPinon
Bottlex,Prevent
UI_LosePanel_Bottlex1,UI_LeftPinon_Prevent1
Continue,Aromatic
UI_LosePanel_Continue,UI_LeftPinon_Aromatic
Shine,Brand
UI_LosePanel_Shine,UI_LeftPinon_Brand
UI_LosePanel_Star,UI_LeftPinon_With
Notanks,Witness
UI_Notanks,UI_Witness
btn,Bis
btn_1,Bis_1
btn_2,Bis_2
caidai,Resume
guang,Degas
jinbi,Badge
qipao,Audio
zuanshi,Sunrise
qipao_zuanshi,Audio_Sunrise
suihua,Growth
suihua_1,Growth_1
suihua_2,Growth_2
suihua_3,Growth_3
suihua_4,Growth_4
suihua_5,Growth_5
suihua_6,Growth_6
suihua_7,Growth_7
suihua_8,Growth_8
title,Grasp
zhuanpan,Periodic
zhuanpan_1,Periodic_1
zhuanpan_2,Periodic_2
zhuanpan_3,Periodic_3
zhuanpan_4,Periodic_4
zhuanpan_5,Periodic_5
zhuanpan_6,Periodic_6
zhuanpan_7,Periodic_7
zhuanpan_7_mask,Periodic_7_York
zuanshi 1,Sunrise 1
zuanshi_guang,Sunrise_Degas
Nomoney,Suspect
UI_Nomoney_BG,UI_Suspect_BG
Money,Gourd
NoMoney,AnGourd
UI_NoMoney_Btn,UI_AnGourd_Shy
UI_NoMoney_CloseBtn,UI_AnGourd_XenonShy
Outline,Dynamic
UI_NoMoney_Outline,UI_AnGourd_Dynamic
Sad,Don
UI_NoMoney_Sad,UI_AnGourd_Don
UI_Delete_Bg,UI_Emblem_So
Border,Father
BorderBtn,FatherShy
UI_Delete_BorderBtn,UI_Emblem_FatherShy
Clost,Later
ClostBtn,LaterShy
UI_Delete_ClostBtn,UI_Emblem_LaterShy
NoBtn,AnShy
UI_Delete_NoBtn,UI_Emblem_AnShy
Warning,History
UI_Delete_Warning,UI_Emblem_History
YesBtn,MixShy
UI_Delete_YesBtn,UI_Emblem_MixShy
Rateus,Empire
Plate,Lucky
UI_Rateus_Base Plate,UI_Empire_Turn Lucky
Gray,Meet
stars,Fresh
UI_Rateus_Gray stars,UI_Empire_Meet Fresh
Shining,Prairie
UI_Rateus_Shining Stars,UI_Empire_Prairie Allay
Customize,Shoemaker
UI_Customize,UI_Shoemaker
Account,Synonym
UI_Delete Account,UI_Emblem Synonym
UI_Music,UI_Roman
UI_Quit,UI_Slab
RateUs,LuckID
UI_RateUs,UI_LuckID
SettingBG,StepperBG
UI_SettingBG,UI_StepperBG
choose,Hopper
UI_Setting_choose,UI_Stepper_Hopper
UI_Setting_Close,UI_Stepper_Xenon
UI_Setting_Frame,UI_Stepper_Wharf
UI_Setting_Home,UI_Stepper_Tire
UI_Setting_Lauguage,UI_Stepper_Medicine
OFF,OFF
UI_Setting_OFF,UI_Stepper_OFF
UI_Setting_OFF_1,UI_Stepper_OFF_1
UI_Setting_On,UI_Stepper_Or
UI_Setting_On_1,UI_Stepper_Or_1
UI_Setting_Privacy Policy,UI_Stepper_Suspect Fusion
UI_Sound,UI_Judge
ver,Buy
UI_ver_1,UI_Buy_1
Ver,Lot
UI_Ver_2,UI_Lot_2
UI_Vibration,UI_Depositor
UI_Color_1,UI_Blame_1
UI_Color_2,UI_Blame_2
UI_Color_3,UI_Blame_3
UI_Color_4,UI_Blame_4
UI_Color_End,UI_Blame_Ala
UI_Tube_0,UI_Sage_0
UI_Tube_1,UI_Sage_1
UI_Tube_2,UI_Sage_2
UI_Tube_3,UI_Sage_3
UI_Tube_4,UI_Sage_4
UI_Tube_5,UI_Sage_5
UI_Tube_6,UI_Sage_6
UI_Tube_7,UI_Sage_7
UI_Tube_8,UI_Sage_8
UI_Tube_9,UI_Sage_9
UI_Tube_Mask,UI_Sage_Glue
UI_ShopPanel_BG,UI_ClubPinon_BG
UI_ShopPanel_BG_1,UI_ClubPinon_BG_1
UI_ShopPanel_btn,UI_ClubPinon_Bis
UI_ShopPanel_btn_1,UI_ClubPinon_Bis_1
UI_ShopPanel_coin,UI_ClubPinon_Area
UI_ShopPanel_Pop_1,UI_ClubPinon_Bag_1
UI_ShopPanel_Pop_2,UI_ClubPinon_Bag_2
UI_ShopPanel_Pop_3,UI_ClubPinon_Bag_3
UI_ShopPanel_Pop_Mask,UI_ClubPinon_Bag_Glue
vUI,vUI
vUI_ShopPanel_Lock,vUI_ClubPinon_Text
daoju,Organ
daoju_1,Organ_1
daoju_2,Organ_2
daoju_3,Organ_3
di,Me
More,Dare
UI_More Withdrawn,UI_Dare Gentility
UI_More Withdrawn_1,UI_Dare Gentility_1
With,Ward
Dran,Slow
WithDranIcon,WardSlowSoup
UI_WithDranIcon,UI_WardSlowSoup
WithdrawnPanel,GentilityPinon
UI_WithdrawnPanel_BG,UI_GentilityPinon_BG
UI_WithdrawnPanel_Close,UI_GentilityPinon_Xenon
UI_Withdrawn_100,UI_Gentility_100
UI_Withdrawn_AD,UI_Gentility_AD
UI_Withdrawn_ADBtn,UI_Gentility_ADShy
AddBottleIcon,FirEntitySoup
UI_Withdrawn_AddBottleIcon,UI_Gentility_FirEntitySoup
UI_Withdrawn_Coin,UI_Gentility_Core
UI_Withdrawn_CoinBtn,UI_Gentility_CoreShy
UI_Withdrawn_Free,UI_Gentility_Jury
TitleBG,RoundBG
UI_Withdrawn_TitleBG,UI_Gentility_RoundBG
Pao,Van
UI_Pao,UI_Van
bgm,Bay
brass,Crush
fanfare,Morally
with,Whim
timpani,Thimble
and,Sex
winchimes,Complaint
reverberated,Organization
brass-fanfare-with-timpani-and-winchimes-reverberated-146260,Crush-Morally-Whim-Thimble-Sex-Complaint-Organization-146260
playful,Cavalry
failure,Caliber
playful-failure-310480,Cavalry-Caliber-310480
cut,You
sec,Fly
pop-91931_[cut_0sec],Dry-91931_[You_0Fly]
up,By
pop_up,Dry_By
PourWater,CoalTitle
PourWater1,CoalTitle1
PourWater1_[cut_1sec],CoalTitle1_[You_1Fly]
Spin,Shop
Spin_Button,Shop_Innate
waterfull,Womanhood
win_3,Lug_3
yanhua,Market
BigReward,GutClothe
FlyObj,AndCut
Small,Camel
SmallReward,CamelClothe
CashOutPanel,DiscTedPinon
ShopColorCell,ClubBlameLack
ErrorCode,SolveSolo
IConfigManager,IExciteImagery

